{
    "accuracy": 0.8194444179534912,
    "loss": 0.6241876482963562
}