{
    "accuracy": 0.12012986838817596,
    "loss": 5.463290214538574
}