{
    "accuracy": 0.8947368264198303,
    "loss": 0.35144585371017456
}