{
    "accuracy": 0.9322034120559692,
    "loss": 0.4744274318218231
}