{
    "accuracy": 0.9491525292396545,
    "loss": 0.19440586864948273
}