{
    "accuracy": 0.8881579041481018,
    "loss": 0.454843133687973
}