{
    "accuracy": 0.8223684430122375,
    "loss": 0.4881743788719177
}