{
    "accuracy": 0.8815789222717285,
    "loss": 0.5095189809799194
}