{
    "accuracy": 0.8157894611358643,
    "loss": 0.5735238194465637
}