{
    "accuracy": 0.9491525292396545,
    "loss": 0.14482581615447998
}